code,system
792..00,readv2
792..00,oxmis
7927,oxmis
792..11,readv2
7920y00,readv2
7920z00,readv2
7922y00,readv2
7922z00,readv2
K3043,readv2
K3043T,readv2
ZV45700,readv2
ZV45K00,readv2
ZV45K11,readv2
792..11,oxmis
7920,oxmis
7920.11,oxmis
7920000,oxmis
7920100,oxmis
7920300,oxmis
7920y00,oxmis
7922,oxmis
7922.11,oxmis
7922000,oxmis
7922100,oxmis
7922300,oxmis
K3043,oxmis
K3043T,oxmis
7921y00,readv2
7921z00,readv2
7921,oxmis
7921.11,oxmis
7921y00,oxmis
7923y00,readv2
7923,oxmis
7923.11,oxmis
7923000,oxmis
7923100,oxmis
7923300,oxmis
7923z00,readv2
7927z00,readv2
792Cz00,readv2
792Dz00,readv2
792z.00,readv2
7920z00,oxmis
7921z00,oxmis
7922z00,oxmis
7923z00,oxmis
7924z00,oxmis
7925z00,oxmis
7926z00,oxmis
7927z00,oxmis
7929z00,oxmis
792A.00,oxmis
792Ay00,oxmis
792Az00,oxmis
792Cz00,oxmis
792Dz00,oxmis
792z.00,oxmis
7924y00,readv2
7924z00,readv2
7924,oxmis
7924000,oxmis
7924100,oxmis
7924300,oxmis
7925y00,readv2
7925z00,readv2
7925.11,oxmis
7926y00,readv2
7926z00,readv2
7927y00,readv2
792Cy00,readv2
792Dy00,readv2
792y.00,readv2
7922y00,oxmis
7923y00,oxmis
7924y00,oxmis
7927y00,oxmis
792Cy00,oxmis
792Dy00,oxmis
792y.00,oxmis
7928y00,readv2
7928z00,readv2
793G.00,readv2
793G300,readv2
793Gz00,readv2
7A54500,readv2
7A6G100,readv2
7A6H300,readv2
7A6H400,readv2
K306 A,readv2
ZV45800,readv2
ZV45L00,readv2
7927500,oxmis
7928,oxmis
7928.11,oxmis
7928000,oxmis
7928100,oxmis
7928200,oxmis
7928300,oxmis
7928y00,oxmis
7928z00,oxmis
7929000,oxmis
7929300,oxmis
793G.00,oxmis
793G300,oxmis
793Gz00,oxmis
7A54500,oxmis
7A6G100,oxmis
7A6H300,oxmis
7A6H400,oxmis
K306 A,oxmis
ZV45800,oxmis
ZV45L00,oxmis
7929y00,readv2
7929z00,readv2
7929,oxmis
7929200,oxmis
7929y00,oxmis
792A.00,readv2
792Ay00,readv2
792Az00,readv2
792B.00,readv2
792By00,readv2
792Bz00,readv2
792B.00,oxmis
792By00,oxmis
792Bz00,oxmis
792B000,readv2
7921000,oxmis
7921100,oxmis
7921300,oxmis
7924400,oxmis
7925,oxmis
7925y00,oxmis
7926,oxmis
7926y00,oxmis
7927300,oxmis
792B000,oxmis
792C.00,readv2
792C000,readv2
792C000,oxmis
792D.00,readv2
K3043C,readv2
792D.00,oxmis
K3043C,oxmis
793G000,readv2
793G100,readv2
793G200,readv2
7929400,oxmis
7929500,oxmis
793G000,oxmis
793G100,oxmis
793G200,oxmis
793H000,readv2
7929600,oxmis
793H000,oxmis
7920200,oxmis
7921200,oxmis
7922200,oxmis
7923200,oxmis
7924200,oxmis
7924500,oxmis
7925100,oxmis
7925200,oxmis
7925400,oxmis
7926100,oxmis
7926300,oxmis
7925000,oxmis
7926000,oxmis
7925011,oxmis
7925012,oxmis
7925300,oxmis
7925311,oxmis
7925312,oxmis
7926200,oxmis
7927400,oxmis
7929100,oxmis
7929111,oxmis
792C.00,oxmis
ZV45700,oxmis
ZV45K00,oxmis
ZV45K11,oxmis